transacao,pao,leite,cafe,manteiga,acucar,arroz,feijao,macarrao,carne,frango,peixe,ovos,queijo,presunto,cerveja,refrigerante,vinho,hortifruti,doces,limpeza
1,1,1,0,0,0,0,0,0,0,0,0,0,0,0,1,1,0,0,1,0
2,1,1,1,0,1,1,1,0,1,0,0,0,0,0,0,0,0,0,0,0
3,1,1,0,0,0,1,0,0,0,1,0,0,0,0,0,0,0,0,0,0
4,1,1,0,0,0,0,0,0,0,0,0,0,0,0,1,1,0,0,0,0
5,0,0,0,0,0,1,1,0,1,1,0,0,0,0,0,0,0,1,0,0
6,0,0,1,0,1,0,0,0,0,0,0,0,0,0,0,0,0,1,0,0
7,0,0,0,0,0,1,1,0,0,1,0,0,0,0,0,0,0,1,0,1
8,1,1,1,0,1,1,1,0,1,1,0,0,0,0,0,0,0,0,0,0
9,0,0,0,0,0,0,0,0,0,0,1,0,0,0,1,1,0,1,1,0
10,0,0,0,0,0,0,0,0,0,0,0,0,0,0,1,1,0,1,0,1
11,1,1,0,0,0,0,0,0,0,0,0,0,0,0,0,0,0,0,0,0
12,1,1,0,1,0,0,0,0,0,0,0,0,0,0,0,0,0,1,0,0
13,1,1,1,1,1,0,0,0,0,0,0,0,0,0,1,1,0,0,1,0
14,0,0,1,0,1,0,0,1,0,0,0,0,0,1,0,0,0,0,0,0
15,0,0,1,0,1,0,0,0,0,0,0,0,0,0,1,1,0,0,0,0
16,0,0,0,0,0,0,0,0,0,0,0,0,0,0,0,0,0,1,0,0
17,0,0,1,0,1,1,1,0,1,0,0,0,0,0,0,0,0,0,0,0
18,1,1,1,1,1,1,1,0,1,0,0,0,0,0,0,0,0,1,0,0
19,1,1,1,1,1,1,1,0,0,1,0,0,0,0,1,1,0,0,1,1
20,1,1,1,0,1,0,0,0,0,0,0,0,0,0,1,1,1,1,1,0
21,1,1,1,0,1,0,0,0,0,0,0,0,0,0,0,0,0,0,0,0
22,0,0,1,0,1,0,0,0,0,0,0,0,0,0,1,0,0,1,0,0
23,1,1,0,0,0,1,1,0,0,1,0,0,0,0,1,0,0,1,0,0
24,1,1,0,0,0,1,1,0,1,0,0,0,0,0,1,1,0,1,0,1
25,1,1,1,1,1,1,1,0,0,1,0,0,0,0,1,1,0,1,0,0
26,1,1,0,0,0,1,1,0,1,0,0,0,0,0,0,0,0,1,0,0
27,1,1,1,0,1,0,0,0,0,0,0,0,0,0,0,0,0,0,0,0
28,1,1,0,0,0,1,1,0,1,0,0,0,0,0,1,1,0,0,0,0
29,0,0,0,0,0,0,0,0,0,0,1,0,0,0,0,0,0,1,0,0
30,1,1,0,0,0,0,0,0,0,0,1,0,0,0,0,0,0,1,0,0
31,1,1,1,1,1,1,1,0,1,0,0,0,0,0,1,1,0,1,0,1
32,0,0,0,0,0,0,0,0,0,0,0,0,0,0,0,0,0,0,0,0
33,1,1,0,0,0,0,0,0,0,0,0,0,0,0,0,0,0,0,0,0
34,0,0,1,0,1,1,1,0,1,0,0,0,0,0,0,0,1,0,0,1
35,1,1,0,0,0,0,0,0,0,0,0,0,0,0,1,1,0,0,1,0
36,1,1,0,0,0,0,0,0,0,0,0,0,0,0,1,1,0,0,1,1
37,0,0,1,0,1,1,1,0,1,0,0,0,0,0,0,0,0,0,0,0
38,0,0,1,0,1,0,0,0,0,0,0,0,0,0,0,0,0,0,0,1
39,1,1,1,1,1,0,0,1,0,0,0,0,0,0,1,1,0,1,1,0
40,0,0,0,0,0,1,1,0,0,1,0,0,0,0,0,0,0,0,0,0
41,1,1,1,0,1,0,0,0,0,0,0,0,0,0,0,0,0,1,0,1
42,1,1,1,0,1,1,1,0,1,0,0,0,0,0,0,0,0,0,0,0
43,1,1,1,0,1,1,1,0,1,0,0,0,0,0,0,0,0,0,0,0
44,1,1,0,0,0,1,1,0,0,1,0,0,0,0,1,1,0,0,0,0
45,1,1,0,1,0,0,0,0,0,0,0,0,0,0,1,0,0,0,1,0
46,1,1,1,0,1,0,0,0,0,0,0,0,0,0,0,0,0,1,0,0
47,0,0,1,0,1,0,0,0,0,0,0,0,0,0,1,1,0,0,1,1
48,0,0,1,0,1,0,0,0,0,0,0,0,0,0,0,0,0,0,0,0
49,1,1,0,1,0,1,1,0,0,1,0,0,0,0,1,0,0,0,0,1
50,1,1,0,1,0,0,0,0,0,0,0,0,0,0,1,0,0,0,0,1
51,0,0,1,0,1,1,1,0,1,0,0,0,0,0,1,0,0,1,0,0
52,1,1,1,1,1,0,0,0,0,0,0,0,0,0,1,1,0,0,1,0
53,1,1,0,0,0,1,1,0,1,0,0,0,0,0,0,0,0,0,0,0
54,0,0,0,0,1,0,0,0,0,0,0,0,0,0,1,0,0,0,0,0
55,0,0,0,0,0,0,1,0,1,0,0,0,0,0,1,1,0,1,0,0
56,1,1,1,0,1,0,0,0,0,0,0,0,0,0,0,0,0,0,0,0
57,1,1,0,1,0,0,0,0,0,0,0,0,0,0,0,1,0,0,0,0
58,1,1,1,0,1,1,1,0,0,1,0,0,0,0,0,0,0,0,0,0
59,0,0,0,0,0,1,1,0,0,1,0,0,0,0,0,0,0,1,0,0
60,1,1,0,1,0,1,1,0,1,0,0,0,0,0,0,0,0,1,0,0
61,0,0,0,0,0,0,0,0,0,1,0,0,0,0,0,0,0,0,0,0
62,0,0,1,0,1,0,0,0,0,0,0,0,1,1,0,0,0,0,0,0
63,1,1,1,0,1,0,0,0,0,0,0,0,0,0,0,0,0,1,0,1
64,1,1,0,0,0,1,1,0,0,1,0,0,0,0,1,1,0,1,0,0
65,0,0,0,0,0,0,0,0,0,0,0,0,0,0,0,0,0,1,0,0
66,1,1,0,1,0,1,1,0,1,0,0,0,0,0,0,0,1,0,0,0
67,0,0,0,0,0,1,1,0,1,0,0,0,0,0,0,0,0,1,0,0
68,0,0,0,0,0,0,0,0,0,0,0,0,0,0,0,0,0,1,0,0
69,1,1,1,1,0,0,0,0,0,0,0,0,0,0,0,0,0,1,0,0
70,0,0,0,0,0,1,1,0,0,1,0,1,0,0,0,0,0,0,0,0
71,1,1,0,0,0,1,1,0,0,1,0,0,0,0,0,0,0,1,0,0
72,0,0,1,0,1,1,1,0,0,0,0,0,0,0,0,0,0,0,0,0
73,1,1,0,1,0,0,0,0,0,0,0,0,0,0,0,0,0,0,0,0
74,1,1,1,0,1,1,1,0,0,1,0,0,0,0,0,0,0,1,1,1
75,1,1,0,1,0,0,0,0,0,0,0,0,0,0,0,0,0,1,0,0
76,1,1,0,1,0,0,0,0,0,0,0,0,0,0,0,0,0,0,0,1
77,1,1,0,1,0,1,1,0,1,0,0,0,0,0,0,0,0,0,0,0
78,0,0,0,0,0,1,0,0,0,0,0,0,0,0,0,0,0,0,0,0
79,1,1,0,1,0,1,1,0,1,0,0,0,0,0,0,0,0,1,0,1
80,0,0,1,0,1,0,0,0,0,0,0,1,0,0,1,1,0,1,0,0
81,1,1,0,1,0,1,1,0,0,1,0,0,0,1,1,0,0,0,1,0
82,1,1,0,0,0,0,0,0,0,0,0,0,0,0,0,0,0,0,0,1
83,1,1,0,1,0,0,0,0,0,0,0,0,0,0,0,0,0,1,0,0
84,1,1,0,0,0,1,1,0,1,0,0,0,0,0,0,0,0,1,0,1
85,0,0,1,0,1,1,1,0,1,0,0,0,0,0,1,1,0,1,0,0
86,1,1,0,1,0,1,1,0,1,0,0,0,0,0,0,0,0,0,0,0
87,1,1,0,0,0,1,1,0,1,0,0,0,0,0,0,0,0,0,0,0
88,1,1,0,1,0,0,0,0,1,0,0,0,0,0,1,1,1,1,0,0
89,0,0,1,0,1,1,1,0,0,1,0,0,0,0,0,0,0,1,0,0
90,0,0,1,0,1,0,0,0,0,0,0,0,0,0,0,0,0,0,0,1
91,1,1,0,1,0,0,0,0,0,0,0,0,0,0,1,0,0,0,0,1
92,1,1,1,0,1,1,1,0,0,1,0,0,0,0,1,0,0,1,0,1
93,0,0,0,0,0,0,0,0,0,0,0,0,0,0,1,0,0,0,0,0
94,1,1,1,1,1,1,1,0,1,0,0,0,0,0,0,0,0,1,0,0
95,1,1,0,1,0,1,1,0,0,1,0,0,1,0,1,0,0,0,1,0
96,1,1,0,0,0,0,1,0,0,0,0,0,0,0,0,0,0,1,0,0
97,0,0,0,0,0,0,0,0,0,0,0,0,0,0,0,0,0,1,0,0
98,0,0,1,0,1,1,1,0,0,1,0,0,0,0,1,0,0,0,0,0
99,1,1,1,0,1,0,0,0,0,0,0,0,0,0,0,0,0,1,0,1
100,0,0,0,0,0,0,0,0,0,0,0,0,0,0,1,0,0,0,0,1
101,0,0,1,0,1,0,0,0,0,0,0,0,0,0,0,0,0,0,0,0
102,1,1,1,0,1,0,0,0,0,1,1,0,0,0,0,0,0,1,0,0
103,0,0,1,1,0,1,1,0,0,1,0,0,0,0,1,0,0,1,0,0
104,0,0,1,0,1,0,0,0,0,0,0,0,0,0,0,0,0,1,0,0
105,1,1,0,0,0,0,0,0,0,0,0,0,0,0,0,0,0,0,0,0
106,0,0,1,0,1,0,0,0,1,0,0,0,0,0,0,0,0,1,0,0
107,1,1,0,0,0,0,0,0,0,0,0,0,0,0,0,0,0,1,0,0
108,0,0,1,0,1,1,1,0,1,0,0,0,0,0,0,0,0,0,0,0
109,1,1,1,0,1,1,1,0,0,1,0,0,0,0,0,0,0,0,0,0
110,0,0,0,0,0,1,1,1,0,1,0,0,0,0,1,0,0,1,0,0
111,1,1,0,1,0,1,1,0,1,0,0,0,0,0,0,0,0,0,0,1
112,1,1,0,1,0,1,1,0,0,1,0,0,0,0,1,1,0,0,1,1
113,1,0,0,0,0,1,1,0,0,1,0,1,0,0,0,0,0,0,0,0
114,1,1,0,0,0,0,0,0,0,0,0,0,0,0,1,0,0,1,1,0
115,0,0,0,0,0,0,0,0,0,0,0,0,0,0,1,1,0,1,0,0
116,1,1,1,1,1,0,0,0,0,0,0,0,0,0,0,0,0,1,0,0
117,0,0,1,0,1,0,0,0,0,0,0,0,0,0,0,0,0,0,0,0
118,1,1,0,0,0,0,0,0,0,0,0,0,0,0,1,1,0,1,1,0
119,1,1,0,1,0,0,0,0,0,0,1,0,0,0,0,0,0,1,1,0
120,1,1,0,0,0,0,0,0,0,0,0,0,0,0,0,0,0,1,0,0
121,1,1,1,0,1,0,0,0,1,0,0,0,0,0,1,1,0,1,0,0
122,0,0,0,0,0,0,0,0,0,0,0,0,0,0,1,1,0,0,0,0
123,1,1,0,0,0,0,0,0,0,0,0,0,0,0,1,0,0,0,1,0
124,1,1,0,0,0,1,1,0,0,1,0,0,0,1,0,0,0,1,0,0
125,0,0,1,0,1,1,1,0,0,1,0,0,0,0,0,0,0,1,0,1
126,1,1,0,0,0,1,1,0,1,0,0,0,0,0,0,0,0,0,0,0
127,1,1,0,0,0,1,1,0,0,1,0,0,0,0,0,0,0,0,0,0
128,1,1,1,0,1,0,0,0,0,0,0,0,0,0,0,0,0,1,0,0
129,1,1,0,1,0,1,1,0,1,0,0,0,0,0,0,0,0,1,0,1
130,0,0,0,0,0,1,1,0,0,1,0,0,0,0,0,0,0,1,0,0
131,1,1,0,1,0,0,0,0,0,0,0,0,0,0,0,0,0,0,0,0
132,1,1,0,1,0,1,1,0,0,1,1,0,0,0,0,0,0,0,0,0
133,1,1,1,1,1,0,0,0,0,0,0,0,0,0,1,1,0,0,0,0
134,1,1,1,0,1,1,1,0,0,1,0,0,0,0,0,0,0,1,0,0
135,1,1,0,1,0,1,1,0,0,1,0,0,0,0,1,1,0,1,0,0
136,1,1,1,1,1,0,0,0,0,0,0,1,0,0,0,0,0,0,0,0
137,0,0,0,0,0,1,1,0,1,0,0,0,0,0,0,0,0,1,0,0
138,1,1,1,0,1,1,1,0,1,0,0,0,0,0,0,0,0,1,0,0
139,0,0,0,0,0,0,1,0,0,0,0,0,0,0,0,0,0,1,0,0
140,1,1,1,1,1,0,1,0,0,0,0,0,0,0,0,0,0,0,0,1
141,1,1,1,0,1,0,0,0,0,0,0,0,0,0,0,1,0,0,0,1
142,0,0,0,0,0,1,1,0,0,1,0,0,0,0,0,0,0,0,0,1
143,0,0,1,0,1,1,1,0,0,1,0,0,0,0,0,0,0,1,0,0
144,1,1,0,1,0,0,0,0,0,0,0,0,0,0,0,0,0,0,0,0
145,1,0,0,0,0,1,1,0,0,1,0,0,0,0,0,0,0,1,0,0
146,0,0,1,0,1,0,0,0,0,0,0,0,0,0,0,0,0,1,0,0
147,1,1,1,1,1,0,0,0,0,0,0,0,0,0,0,0,0,1,0,0
148,0,0,0,0,0,0,0,0,0,0,0,0,1,0,0,0,0,1,0,0
149,1,1,1,1,1,1,1,0,0,1,0,0,0,0,1,0,0,1,1,0
150,1,1,1,1,1,1,1,0,0,1,0,0,0,0,1,1,0,0,1,0
151,0,1,0,0,0,0,0,1,0,0,0,0,0,0,0,0,0,0,0,0
152,0,0,1,0,1,0,0,0,0,0,0,0,0,0,1,0,0,1,0,1
153,1,1,1,0,1,1,1,0,1,0,0,0,0,0,0,0,0,0,0,0
154,1,1,0,1,0,1,1,0,1,0,0,0,0,0,1,1,0,0,1,0
155,0,0,0,0,0,1,1,0,0,1,0,0,0,0,0,0,0,0,0,0
156,0,0,0,0,0,1,1,0,1,0,0,0,0,0,0,0,0,0,0,0
157,0,0,1,0,1,0,0,0,0,0,0,0,0,0,0,0,0,0,0,1
158,1,1,1,0,1,0,0,1,0,0,0,0,0,0,0,0,0,1,0,0
159,1,1,0,1,0,1,1,0,1,1,1,0,0,0,1,1,0,1,0,1
160,1,1,1,0,1,1,1,0,1,0,0,0,0,0,0,0,0,0,0,0
161,1,1,0,1,0,1,1,0,1,0,0,0,0,0,0,1,0,0,0,1
162,0,0,1,0,1,1,1,0,1,0,0,0,0,0,1,1,0,0,0,0
163,0,0,0,0,0,0,0,0,0,0,0,0,0,0,1,0,0,1,1,0
164,1,1,0,1,0,0,0,0,0,0,0,0,0,0,1,0,0,1,1,0
165,0,0,1,0,1,1,1,0,1,0,0,0,0,0,1,0,0,1,0,0
166,0,0,1,0,1,1,1,1,1,0,0,0,0,0,0,0,0,1,0,0
167,1,1,0,0,0,1,1,0,1,0,0,0,0,0,1,1,0,1,0,0
168,1,1,1,1,1,1,1,0,1,0,0,0,0,0,0,0,0,1,0,1
169,0,0,1,0,1,1,1,0,0,1,0,0,0,0,0,0,0,1,0,1
170,0,0,1,0,1,0,0,0,0,0,0,0,0,0,0,0,0,0,0,1
171,0,0,1,0,1,1,1,1,0,1,0,0,0,0,0,0,0,0,0,0
172,1,1,0,1,0,0,0,0,0,0,0,0,0,0,0,0,0,1,1,0
173,0,0,1,0,1,0,0,0,0,0,0,0,0,0,1,1,0,0,0,0
174,0,0,0,0,0,1,1,0,0,1,1,0,0,0,1,0,0,0,0,0
175,1,1,0,1,0,1,1,0,1,0,0,0,0,0,0,0,0,1,0,1
176,0,0,1,0,1,1,1,0,0,1,0,0,0,0,0,0,0,0,0,1
177,1,1,0,0,0,1,1,0,1,0,0,0,0,0,0,0,0,1,0,1
178,0,0,0,0,0,1,1,0,1,0,0,0,0,0,0,0,0,0,0,1
179,1,0,1,0,1,1,1,0,1,0,0,0,0,0,1,1,0,1,1,0
180,0,0,0,0,0,0,0,0,0,0,0,0,0,0,0,0,0,1,0,0
181,0,0,0,0,0,0,0,0,0,0,0,0,0,0,0,0,0,1,0,1
182,1,1,0,0,0,1,1,0,0,1,0,0,0,0,0,0,0,1,0,1
183,1,1,0,1,0,0,0,0,0,0,0,0,0,0,1,0,0,1,1,0
184,1,1,0,0,0,0,0,1,0,0,0,0,0,0,1,1,0,0,0,0
185,0,0,0,0,0,1,1,0,0,1,0,0,0,0,0,0,0,0,0,0
186,1,1,1,0,1,0,0,0,0,0,0,0,0,0,0,0,0,1,0,1
187,0,0,0,0,0,0,0,0,0,0,0,0,0,0,1,0,0,0,0,0
188,0,0,1,0,1,0,0,0,0,0,0,0,0,0,0,0,0,0,0,0
189,1,0,0,0,0,1,1,0,1,0,0,0,0,0,1,0,0,0,0,0
190,0,0,0,0,0,1,1,0,1,0,0,0,0,0,1,1,0,1,1,0
191,1,1,0,1,0,1,1,0,1,0,0,0,0,0,0,0,0,0,0,1
192,1,1,0,1,0,0,0,0,0,0,0,0,0,0,0,0,0,0,0,1
193,1,1,1,1,1,0,0,0,0,0,0,1,0,0,0,0,0,1,0,1
194,1,1,1,0,1,0,0,0,0,0,0,0,0,0,0,0,0,0,0,0
195,1,1,0,1,0,0,0,0,0,1,0,0,0,0,0,0,0,1,0,0
196,1,1,1,1,1,1,0,0,0,0,0,0,0,0,1,1,0,1,1,0
197,0,0,0,0,0,1,1,0,0,1,0,0,0,0,1,1,0,0,0,0
198,1,1,0,1,0,1,1,0,0,1,1,0,0,0,0,0,0,1,0,0
199,0,0,1,0,1,1,1,0,1,0,0,0,0,0,1,0,0,1,0,0
200,1,1,1,1,1,0,0,0,0,0,0,0,0,0,0,0,0,1,0,0
201,1,1,1,0,1,0,0,0,0,0,0,0,0,0,1,1,0,1,0,0
202,1,1,1,1,1,1,1,0,0,1,0,0,0,0,0,0,0,0,0,1
203,1,1,0,0,0,0,0,0,0,1,0,0,0,0,0,0,0,1,0,0
204,1,1,0,1,0,0,0,0,0,0,0,0,0,0,0,0,1,0,0,0
205,0,0,0,0,0,1,1,0,0,1,0,0,0,0,0,0,0,1,0,0
206,1,1,1,0,1,0,0,0,0,0,0,0,0,0,1,1,0,1,0,0
207,0,0,0,0,0,0,0,0,0,0,0,0,0,0,0,0,0,1,0,0
208,1,1,0,1,0,0,0,0,0,0,0,0,0,0,0,0,0,1,0,0
209,1,1,0,1,0,1,1,0,1,0,0,0,1,0,0,0,0,1,0,0
210,1,1,0,1,0,1,1,0,1,0,0,0,0,0,0,0,0,1,0,0
211,1,1,1,0,1,1,1,0,1,0,0,0,0,0,0,0,0,1,0,0
212,0,0,1,0,1,0,0,0,1,0,0,0,0,0,0,0,0,1,0,0
213,0,0,1,0,1,0,0,0,0,0,0,1,0,0,0,0,0,1,0,1
214,1,1,1,0,1,0,0,0,0,0,0,0,0,0,1,0,1,0,0,0
215,1,1,1,0,0,0,0,0,0,0,0,0,0,0,0,0,0,1,0,0
216,1,1,0,1,0,1,1,0,1,0,0,0,0,0,0,0,0,1,0,0
217,0,0,1,0,1,0,0,0,0,0,0,0,0,0,1,1,0,1,0,1
218,0,0,0,0,0,1,1,0,1,0,0,0,0,0,0,0,0,1,0,1
219,1,1,0,0,0,0,0,0,0,0,0,0,0,0,0,0,0,0,0,1
220,1,1,1,1,1,0,0,0,0,0,0,0,0,0,1,1,0,0,0,0
221,0,0,1,0,1,0,0,0,0,0,0,0,0,0,1,1,0,1,0,0
222,1,1,0,1,0,0,0,0,0,0,0,0,0,0,1,1,0,0,1,0
223,1,1,0,1,0,1,1,0,0,1,1,0,0,0,1,1,0,0,0,0
224,1,1,0,1,0,1,1,1,1,0,0,0,0,0,0,0,0,1,0,0
225,1,1,1,0,1,1,1,0,1,0,0,0,0,0,1,1,0,0,0,1
226,1,1,0,0,0,0,0,0,0,0,0,0,0,0,0,0,0,0,0,1
227,1,1,0,1,0,1,1,0,1,0,0,0,0,0,0,0,0,1,0,0
228,1,1,1,1,0,1,1,0,1,0,0,0,0,0,0,0,0,1,0,0
229,0,0,0,0,0,1,1,0,1,0,0,0,0,0,0,0,0,0,0,0
230,0,0,0,0,0,1,1,0,0,1,0,0,0,0,0,1,0,0,0,0
231,1,1,0,1,0,0,0,0,0,0,0,0,0,0,0,0,0,1,0,1
232,1,1,0,1,0,0,0,0,0,0,0,0,0,0,0,0,0,0,0,0
233,0,0,0,0,0,0,0,0,0,0,0,0,0,0,0,0,0,1,0,1
234,1,1,0,0,0,1,1,0,0,1,0,0,0,0,1,0,0,1,1,1
235,1,1,1,0,1,0,0,0,0,0,0,0,0,0,0,0,0,0,0,0
236,0,0,0,0,0,0,0,0,0,0,0,0,0,0,0,0,0,0,0,0
237,1,1,0,0,0,1,1,1,1,0,0,0,0,0,1,1,0,0,1,1
238,0,0,1,0,0,0,0,0,0,1,0,0,0,0,1,1,0,0,1,1
239,1,1,0,1,0,0,0,0,0,0,0,0,0,0,1,1,0,0,1,0
240,0,0,0,0,0,1,1,0,0,1,0,0,0,0,1,1,0,0,0,0
241,0,0,0,0,0,1,1,0,1,0,0,0,0,0,1,1,0,0,0,0
242,1,1,0,1,0,0,0,0,0,0,0,0,0,0,0,0,0,1,0,0
243,1,1,1,1,1,1,1,0,0,1,0,0,0,0,0,0,0,1,1,0
244,1,1,0,1,0,1,1,0,1,0,0,0,0,0,1,0,0,0,1,0
245,0,0,0,0,1,1,1,0,1,1,0,0,0,0,1,1,0,0,0,0
246,0,0,0,0,0,0,0,0,0,0,0,0,0,0,0,0,0,1,0,0
247,1,1,0,1,0,0,0,0,0,0,0,0,0,0,1,0,0,1,0,1
248,1,1,1,1,1,1,1,0,0,1,0,0,0,0,1,1,0,0,0,0
249,1,1,0,0,0,1,1,0,0,1,0,0,0,0,0,0,0,1,0,0
250,1,1,0,0,0,0,0,0,0,0,0,0,0,0,0,0,0,1,1,1
251,1,1,1,0,1,0,0,0,0,0,0,0,0,0,0,0,0,1,0,0
252,1,1,1,0,1,1,1,0,0,1,0,0,0,0,1,1,0,1,1,0
253,1,1,0,1,1,0,0,0,1,0,0,0,0,0,0,0,0,1,0,0
254,1,1,0,0,0,1,1,0,0,1,0,0,0,0,1,1,0,0,0,0
255,0,0,0,0,1,1,1,0,0,1,0,0,0,0,1,0,0,1,1,0
256,0,0,0,0,0,0,0,0,0,0,0,0,0,0,1,0,1,1,0,0
257,1,1,1,0,0,1,1,0,0,1,0,0,1,1,0,0,0,0,0,0
258,1,1,0,1,0,1,1,0,0,1,0,0,0,0,1,0,0,0,0,1
259,1,1,0,1,0,0,0,0,0,0,0,0,0,0,0,0,0,0,0,0
260,1,1,0,1,0,0,0,0,0,0,0,0,0,0,0,0,0,0,0,1
261,0,0,0,0,0,1,1,0,0,1,0,0,0,0,0,0,0,0,0,0
262,1,1,0,1,0,1,1,0,0,1,0,0,0,0,0,0,0,0,0,1
263,1,1,0,0,0,0,0,0,0,1,0,0,0,0,0,0,0,0,0,0
264,0,0,0,0,0,1,1,0,0,1,0,0,0,0,0,0,0,1,0,0
265,1,1,1,1,1,0,0,0,0,0,0,0,0,0,1,1,0,1,1,0
266,0,0,0,0,0,1,1,0,0,1,0,0,0,0,1,1,0,0,1,1
267,1,1,1,1,1,0,0,0,0,0,0,0,0,0,0,0,0,1,0,0
268,1,1,0,0,0,1,1,0,0,1,0,0,0,0,1,0,0,1,0,0
269,1,0,0,0,0,0,0,0,0,0,1,0,0,0,0,0,0,1,0,0
270,1,1,0,1,0,1,1,0,0,1,0,0,0,0,1,0,0,1,0,0
271,1,1,0,1,0,1,1,0,0,1,0,0,0,0,0,0,0,0,0,0
272,1,1,0,0,0,0,0,1,0,0,0,0,0,0,0,0,0,1,0,0
273,0,0,0,0,0,1,1,0,0,1,0,0,1,0,1,1,0,1,0,0
274,1,1,0,0,0,0,0,0,0,0,0,0,0,0,0,0,0,0,0,0
275,1,1,0,0,0,0,0,0,0,0,0,0,0,0,0,0,0,0,0,0
276,1,1,0,1,0,0,0,0,0,0,0,0,0,0,0,0,1,0,0,0
277,1,1,1,0,1,0,0,0,0,0,0,0,0,0,0,0,0,1,0,0
278,0,0,0,0,0,1,0,0,0,0,0,0,0,0,0,0,0,1,0,0
279,0,0,0,0,0,0,0,0,0,0,0,0,0,0,0,0,0,0,0,0
280,0,0,0,0,0,0,0,0,0,0,0,0,0,0,0,0,0,1,0,0
281,1,1,0,0,0,0,0,1,0,0,0,0,0,0,1,1,0,1,1,1
282,0,0,1,0,1,0,0,0,0,0,0,0,0,0,0,0,0,1,0,0
283,1,1,0,1,0,0,0,1,0,0,0,0,0,0,0,1,0,1,0,0
284,1,1,1,0,1,0,0,0,0,0,0,0,0,0,1,0,0,0,0,0
285,1,1,0,1,0,0,0,0,0,0,0,0,0,0,0,0,0,1,0,0
286,1,1,0,1,0,0,0,0,0,0,0,0,0,1,0,0,0,0,0,1
287,1,1,1,0,1,1,1,0,1,0,0,0,0,0,0,0,0,0,0,1
288,0,0,0,0,0,1,1,0,1,0,0,1,0,0,0,0,0,1,0,0
289,1,1,1,0,1,1,1,0,1,0,0,0,0,0,0,0,0,1,0,1
290,1,1,0,1,0,0,0,0,1,0,0,0,0,0,0,1,0,0,0,0
291,1,1,0,1,0,0,0,0,0,0,0,0,0,0,0,0,0,1,0,0
292,1,1,1,1,1,0,0,0,0,0,0,0,0,0,0,1,0,1,0,0
293,1,1,0,0,0,0,0,0,0,0,0,0,0,0,0,0,0,1,0,0
294,1,1,0,0,0,1,1,0,0,1,0,0,0,0,1,0,0,0,1,0
295,1,1,0,0,0,0,0,0,0,0,0,0,0,0,0,0,0,0,0,0
296,1,1,0,0,0,1,1,0,0,1,0,0,0,0,0,0,0,0,0,0
297,1,1,1,0,1,0,0,0,0,0,0,0,0,0,1,0,0,1,0,0
298,1,1,0,1,0,0,0,0,0,0,0,1,0,0,0,0,0,1,0,1
299,1,1,0,0,0,1,1,0,1,0,0,0,0,0,0,0,0,0,0,0
300,1,1,0,1,0,0,0,1,0,0,0,0,0,0,1,1,0,1,0,1
301,0,0,1,0,1,1,1,0,0,1,0,0,0,0,1,1,0,0,1,0
302,0,0,1,0,1,0,0,0,0,0,1,0,0,0,0,0,0,0,0,0
303,0,0,0,0,0,0,0,0,0,0,0,0,0,0,0,0,0,0,0,0
304,1,1,0,1,0,1,1,0,1,0,0,0,0,0,0,0,0,0,0,1
305,1,1,0,0,0,0,0,0,0,0,0,0,0,0,0,0,0,0,0,1
306,0,0,0,0,0,1,1,0,1,0,1,0,0,0,1,1,0,1,0,0
307,0,0,1,0,1,1,1,0,0,1,1,0,0,0,1,1,0,1,1,1
308,0,0,1,0,1,1,1,0,0,1,0,0,0,0,0,0,0,1,0,0
309,0,0,0,0,0,0,0,0,1,0,0,0,0,0,0,0,0,0,0,1
310,0,0,0,0,0,0,0,0,0,0,0,0,0,0,0,0,0,0,0,0
311,0,0,1,0,1,0,0,0,0,0,0,0,0,0,0,0,0,0,0,1
312,1,1,0,1,0,1,1,0,0,1,0,0,0,0,1,1,0,0,0,1
313,0,0,1,0,1,0,0,0,0,0,0,0,0,0,0,0,0,0,0,0
314,1,1,0,0,1,0,0,0,0,0,1,0,0,0,0,0,0,0,0,1
315,1,1,0,0,0,0,0,0,0,0,0,0,0,0,0,0,0,0,0,0
316,1,1,0,1,0,1,1,0,0,1,0,0,0,0,1,1,0,1,0,1
317,1,1,0,0,0,1,1,0,0,1,0,0,0,0,0,0,0,0,0,0
318,0,0,0,0,0,1,1,0,1,0,0,0,0,0,0,0,0,0,0,0
319,1,1,0,0,0,0,0,0,0,0,0,0,0,0,0,1,0,0,0,0
320,1,1,0,1,0,1,0,0,0,0,0,0,0,0,1,1,0,0,1,0
321,1,1,0,1,0,1,1,0,0,1,0,0,0,0,0,0,0,1,0,0
322,1,1,0,1,0,1,1,0,0,1,0,0,0,0,1,0,0,1,0,0
323,1,0,0,0,0,1,1,0,0,1,0,0,0,0,0,0,0,0,0,0
324,0,0,0,0,1,0,0,0,0,0,0,0,0,0,0,0,0,1,0,1
325,0,0,0,0,0,0,0,0,0,0,0,0,0,0,1,1,0,0,0,0
326,1,1,1,1,1,1,1,0,1,1,0,0,0,0,1,0,0,1,1,0
327,1,1,0,1,0,0,0,0,0,0,0,0,0,0,0,0,0,1,0,0
328,1,1,1,0,1,0,0,0,0,0,0,0,0,0,0,0,0,1,0,1
329,1,1,1,0,1,1,1,0,1,0,0,0,0,0,0,0,0,1,0,0
330,1,1,1,0,1,0,0,0,0,0,0,0,0,0,1,1,0,0,0,1
331,0,0,0,0,0,1,1,0,1,0,0,0,0,0,0,0,0,0,0,0
332,1,1,0,0,0,0,0,0,0,0,0,0,0,0,0,0,0,1,0,0
333,0,0,1,0,1,0,0,0,0,0,0,0,0,0,0,0,0,0,0,0
334,1,1,1,1,1,0,0,0,0,0,0,0,0,0,1,0,0,1,0,1
335,1,1,0,0,0,1,1,0,1,0,0,0,0,0,0,0,0,0,0,1
336,1,1,1,1,1,1,1,0,0,1,0,0,0,0,0,0,0,1,0,0
337,1,1,0,1,0,0,0,0,0,0,0,0,0,0,1,1,0,1,0,0
338,1,1,0,1,0,0,0,0,0,0,0,0,0,0,1,1,0,0,0,1
339,1,1,0,1,0,1,1,0,1,0,0,0,0,0,0,0,0,0,0,0
340,0,0,1,0,1,0,0,0,0,0,0,0,0,0,1,0,0,0,0,0
341,1,1,0,1,0,0,0,0,0,0,0,0,0,0,1,0,0,0,1,0
342,1,1,0,1,0,0,1,1,0,0,1,0,0,0,0,0,0,1,0,0
343,1,1,0,1,0,0,0,0,0,0,0,0,0,0,1,1,0,0,1,0
344,1,1,0,0,0,1,1,0,0,1,0,0,0,0,1,0,0,0,1,0
345,1,1,0,0,0,1,1,0,1,0,0,1,0,0,0,0,0,1,0,0
346,1,1,0,1,1,1,1,0,1,0,0,0,0,0,0,0,0,1,0,0
347,0,0,0,0,0,1,1,0,0,1,0,0,0,0,0,0,0,1,0,0
348,0,0,1,0,1,1,1,0,1,0,0,0,0,0,1,0,0,0,1,0
349,1,1,0,1,0,0,0,0,0,0,0,0,0,0,1,1,0,1,1,1
350,1,1,0,1,0,1,1,0,0,1,0,0,0,0,1,0,0,0,1,0
351,0,0,0,0,0,1,1,0,1,0,0,0,0,0,0,0,0,1,0,0
352,1,1,1,0,1,1,1,0,0,1,0,0,0,0,1,0,0,0,0,0
353,1,1,0,0,0,1,1,0,1,0,0,0,0,0,0,0,1,1,0,0
354,0,0,0,0,0,1,1,0,0,1,0,1,0,0,1,0,0,1,0,0
355,0,0,0,0,0,1,1,0,1,0,0,0,0,0,0,0,0,0,0,0
356,1,1,0,0,0,0,0,1,0,0,0,0,0,0,1,1,0,1,0,0
357,0,0,0,0,0,1,1,0,1,0,0,0,0,0,0,0,0,0,0,0
358,0,1,0,0,0,0,0,0,0,0,0,0,0,0,0,0,0,1,0,0
359,0,0,0,0,0,1,1,0,0,1,0,0,0,0,1,1,0,1,0,0
360,0,0,0,0,0,1,1,0,1,0,0,1,0,0,0,0,0,0,1,1
361,1,1,1,1,1,0,0,0,0,0,0,0,0,0,0,0,0,1,0,0
362,1,1,0,0,0,0,0,0,0,0,0,0,0,0,0,0,0,1,0,1
363,1,1,0,1,0,0,0,0,0,0,0,0,0,0,1,0,0,1,1,0
364,1,1,1,0,1,1,1,0,1,0,0,0,0,0,0,0,0,1,0,0
365,0,0,0,0,0,0,0,0,0,0,0,0,0,0,0,0,1,1,0,1
366,1,1,0,1,0,1,1,0,1,0,0,0,0,0,0,0,0,0,0,0
367,1,1,0,0,0,1,1,0,0,1,0,0,0,0,0,0,0,1,0,0
368,0,0,1,0,1,1,1,0,1,0,0,0,0,1,0,0,0,1,0,0
369,0,0,1,0,0,0,0,0,0,0,0,0,0,0,0,0,0,1,0,0
370,1,1,1,0,1,1,1,0,0,1,1,0,0,0,0,0,0,1,0,0
371,1,1,0,0,1,1,1,0,0,1,0,0,0,0,0,0,0,0,0,0
372,1,1,1,0,1,0,0,1,0,0,0,0,0,0,1,1,0,0,0,0
373,1,1,1,0,1,1,1,0,0,1,0,0,0,0,0,0,0,1,0,0
374,1,1,1,0,1,0,0,0,0,0,0,0,0,0,0,0,0,0,0,0
375,0,0,1,0,1,0,0,0,1,0,1,0,0,0,0,0,0,0,0,0
376,1,1,1,0,1,1,1,0,1,0,0,0,0,0,0,0,0,1,0,1
377,1,1,0,1,0,0,0,0,0,0,0,0,1,0,0,0,0,0,0,0
378,1,1,0,1,0,0,0,0,0,0,0,0,0,0,1,1,0,0,0,0
379,1,1,1,1,1,1,1,0,0,1,0,0,0,0,0,0,0,0,0,1
380,1,1,0,1,0,0,0,0,0,0,0,0,0,0,1,0,0,0,0,0
381,1,1,1,1,1,0,0,0,0,0,0,0,0,0,0,0,0,0,0,1
382,1,1,1,1,1,0,0,0,0,0,0,0,0,0,0,0,0,0,0,0
383,1,1,0,0,0,1,1,0,1,0,0,0,0,0,0,0,0,0,0,0
384,1,1,0,0,0,1,1,0,0,1,0,1,0,0,1,1,0,1,0,0
385,1,1,0,1,0,1,1,0,0,1,0,0,0,0,0,0,0,1,0,0
386,0,0,0,0,0,0,0,0,0,0,0,0,0,0,0,0,0,1,0,0
387,1,1,0,1,0,0,0,0,0,0,0,0,0,0,0,0,0,0,0,0
388,0,0,0,0,0,0,0,0,0,0,0,0,0,1,0,0,0,0,0,0
389,1,1,0,1,0,0,0,0,0,0,0,0,0,0,0,0,0,1,0,0
390,1,1,1,1,1,1,1,0,1,0,0,0,0,0,0,0,0,0,0,0
391,1,1,1,0,1,0,0,0,0,0,0,1,0,0,0,0,0,1,0,0
392,0,0,0,0,0,1,1,0,1,0,0,0,1,0,1,0,0,1,1,0
393,0,0,1,0,1,0,0,0,0,0,0,0,0,0,1,1,0,1,0,0
394,0,0,1,0,1,1,1,0,0,1,0,0,0,0,0,0,0,0,0,1
395,1,1,0,0,0,1,1,0,0,1,0,0,0,0,0,0,0,1,0,1
396,0,0,0,0,0,1,1,0,1,0,0,0,0,0,0,0,0,0,0,0
397,0,0,0,0,0,0,0,0,0,0,0,0,0,0,0,0,0,1,0,0
398,1,1,0,0,0,1,1,0,0,1,0,1,1,0,1,1,0,1,0,0
399,0,0,1,0,1,1,1,0,1,0,0,0,0,0,1,1,0,1,1,1
400,0,0,1,0,1,0,0,0,0,0,0,0,0,0,0,0,0,1,0,0
401,1,1,0,0,0,1,1,0,1,0,0,0,0,0,0,0,0,0,0,0
402,1,1,0,1,0,1,1,0,1,0,0,0,0,0,1,1,0,0,1,0
403,1,1,0,1,0,1,1,0,0,1,0,0,0,0,0,0,0,1,0,1
404,0,0,0,0,0,0,0,0,0,0,0,0,0,0,0,0,0,0,0,0
405,1,1,0,1,0,1,0,0,0,0,0,0,0,0,0,0,0,0,0,0
406,0,0,0,1,0,0,0,0,0,0,0,0,0,0,1,0,0,0,1,0
407,1,1,0,1,0,1,1,0,1,0,0,0,0,0,1,1,0,0,0,0
408,0,0,1,0,1,0,0,0,0,0,0,0,0,0,0,0,0,0,0,0
409,1,1,0,0,0,1,1,0,0,1,0,0,0,0,0,0,0,1,0,0
410,1,1,0,0,0,0,0,0,0,0,0,0,0,0,1,0,0,1,1,0
411,0,0,0,0,0,1,1,0,1,0,0,0,0,0,0,0,0,0,0,1
412,1,1,0,0,0,0,0,0,0,1,0,1,0,0,0,0,0,0,0,0
413,0,0,0,0,0,1,1,0,0,1,1,0,0,0,1,1,0,1,0,0
414,1,1,0,0,0,1,1,0,1,0,0,0,1,0,1,1,0,1,1,1
415,0,0,0,0,0,1,1,0,1,0,0,0,0,0,0,0,0,1,0,0
416,1,1,1,0,0,0,0,0,0,0,0,0,0,0,1,0,0,0,0,0
417,0,0,1,0,1,1,1,0,1,0,0,0,0,0,0,0,0,1,0,0
418,0,0,1,0,1,0,0,0,0,0,0,0,0,0,0,0,0,0,0,0
419,1,1,1,0,1,1,0,0,0,0,0,0,0,0,0,0,0,0,0,0
420,1,1,0,1,0,0,0,0,0,0,0,0,0,0,1,1,0,0,1,0
421,1,1,1,1,1,1,1,0,0,1,0,0,0,0,0,0,0,1,0,0
422,0,0,0,0,0,0,0,0,0,0,0,0,0,0,0,0,0,1,0,1
423,1,1,1,1,1,0,0,0,0,0,0,0,0,0,1,0,0,0,1,0
424,0,1,1,0,1,1,1,0,1,0,0,0,0,0,0,0,0,0,0,0
425,1,1,0,1,0,1,1,0,0,1,0,0,0,0,0,0,0,1,0,0
426,1,1,1,0,1,0,0,0,0,0,0,0,0,0,1,1,0,0,0,1
427,1,1,1,0,1,1,1,0,0,1,0,0,0,0,0,0,0,1,0,0
428,1,1,1,0,1,0,0,0,0,0,0,0,0,0,0,0,0,0,0,1
429,0,0,0,0,0,1,1,0,0,1,1,0,0,0,0,0,0,0,0,0
430,1,1,0,1,0,0,0,0,0,0,0,0,0,0,1,0,0,1,1,1
431,1,1,0,1,0,0,0,0,0,0,0,0,0,0,0,0,0,1,0,0
432,1,1,0,0,0,0,0,0,0,0,0,0,0,0,1,0,0,1,0,1
433,1,1,1,1,1,0,0,0,0,0,0,0,0,0,0,0,1,1,0,1
434,0,0,0,0,0,0,0,1,1,0,0,0,0,0,0,0,0,0,0,1
435,1,1,1,1,1,1,1,0,1,0,0,0,0,0,0,0,0,1,0,1
436,1,1,1,0,1,1,1,0,1,0,0,0,0,0,1,1,0,1,0,1
437,0,0,1,0,1,1,1,0,0,1,0,0,0,0,0,0,0,0,0,0
438,0,0,1,0,1,1,1,0,0,1,0,0,0,0,0,0,0,0,0,0
439,1,1,1,1,0,1,1,0,1,0,0,0,0,0,0,0,0,0,0,0
440,0,0,0,0,0,1,1,0,1,0,0,0,0,0,0,0,0,0,0,1
441,0,0,1,0,1,1,1,0,0,1,0,0,0,0,0,0,0,1,0,0
442,0,0,1,0,1,0,0,0,0,0,0,0,0,0,1,0,0,1,0,1
443,0,0,0,1,0,0,0,0,0,0,0,0,0,0,0,0,0,0,0,1
444,1,1,0,0,0,0,0,0,0,0,0,0,0,0,0,0,0,1,0,0
445,1,1,0,0,0,0,0,0,0,0,0,0,0,0,0,0,0,1,0,1
446,1,1,1,0,1,1,1,0,1,0,0,0,0,0,0,0,0,0,0,1
447,1,1,0,1,0,1,1,0,0,1,0,0,0,0,0,0,0,1,0,0
448,0,0,0,0,0,1,1,0,0,1,0,0,0,0,0,0,0,0,0,1
449,0,0,0,0,0,1,1,0,1,0,0,0,0,0,1,0,0,1,1,0
450,1,1,0,1,0,0,0,0,0,0,0,0,0,0,1,1,0,0,0,0
451,0,1,0,0,0,0,0,0,0,0,0,0,0,1,1,0,0,1,1,0
452,1,1,1,1,0,0,0,0,0,0,0,0,0,0,1,1,0,1,0,0
453,1,1,1,1,1,1,1,0,0,1,0,0,0,0,1,1,0,0,0,0
454,0,0,0,0,0,1,1,0,0,1,0,1,0,1,1,1,0,0,0,1
455,0,0,1,1,1,1,1,0,0,1,0,0,0,0,0,0,0,0,0,0
456,1,1,0,0,0,1,1,0,1,0,0,0,0,0,0,0,0,1,0,0
457,0,0,0,0,0,1,1,0,1,0,0,0,0,0,0,0,0,0,0,1
458,1,1,1,1,1,0,0,0,0,0,0,0,0,0,1,1,0,1,0,0
459,1,1,1,1,1,1,1,0,0,1,0,0,0,0,0,0,0,0,0,0
460,1,1,1,1,1,1,1,0,0,1,0,0,0,0,0,0,0,0,0,1
461,0,0,1,0,1,1,1,0,0,1,0,0,0,0,0,0,0,0,0,0
462,0,0,0,0,0,1,1,0,1,0,0,0,0,0,0,0,0,1,0,0
463,1,1,0,1,1,1,1,0,0,1,0,0,0,0,1,0,0,1,0,0
464,1,1,1,1,0,1,1,0,0,1,0,0,0,0,1,0,0,1,1,0
465,1,1,0,1,0,0,0,0,0,0,0,0,0,0,1,1,0,1,0,1
466,1,1,0,0,0,1,1,0,1,0,0,0,0,0,0,0,0,0,0,0
467,0,0,1,0,1,1,1,0,0,1,0,0,0,0,0,0,0,1,0,0
468,1,1,1,0,1,0,0,0,0,0,0,0,0,0,1,0,0,0,0,1
469,0,0,0,0,0,0,0,0,0,0,0,0,0,1,0,0,0,1,0,1
470,1,1,0,0,0,0,0,0,0,0,0,0,0,0,0,0,0,0,0,0
471,1,1,0,0,0,0,0,0,0,0,0,0,0,0,1,1,0,1,1,1
472,0,0,1,0,1,1,1,0,0,1,0,0,0,0,0,0,0,0,0,0
473,1,1,0,0,0,0,0,0,0,0,0,0,0,0,1,0,0,1,0,1
474,1,1,0,1,0,0,0,0,0,0,0,0,0,0,0,0,0,0,0,0
475,0,0,0,0,0,1,1,0,1,0,0,0,0,0,0,0,0,0,0,0
476,0,0,1,0,1,1,1,0,0,1,0,0,0,0,1,0,0,0,1,0
477,1,1,0,1,0,0,0,0,0,0,0,0,0,0,0,0,0,0,0,0
478,0,0,1,0,1,1,1,0,0,1,0,0,0,0,0,0,0,1,0,1
479,1,1,0,1,0,1,1,0,0,1,0,0,0,0,1,0,0,1,0,0
480,0,0,1,0,1,0,0,0,0,0,0,0,0,0,1,1,0,0,0,0
481,1,1,1,0,1,0,1,0,0,0,0,0,0,0,0,0,0,1,0,1
482,1,1,0,0,0,0,0,0,0,0,0,0,0,0,1,1,0,1,0,0
483,1,1,0,0,0,0,0,0,0,0,0,0,0,1,0,0,0,0,0,1
484,1,1,1,0,1,0,0,0,1,0,0,0,0,0,0,0,0,1,0,0
485,1,1,1,0,1,0,0,0,0,0,0,0,0,0,1,1,0,0,1,0
486,0,0,0,0,0,1,1,0,1,0,0,0,0,0,0,0,1,1,0,0
487,0,0,0,0,0,0,0,0,0,0,0,0,0,0,0,0,0,1,0,1
488,1,1,0,1,0,1,1,0,1,0,0,0,0,0,0,0,0,0,0,0
489,1,1,1,1,1,0,0,1,0,0,0,0,0,0,1,0,0,1,0,0
490,1,1,0,0,0,1,1,0,0,1,0,0,0,0,1,1,0,0,0,0
491,1,1,0,0,0,1,1,0,1,0,0,0,0,0,0,0,0,0,0,0
492,1,1,0,0,0,1,1,0,0,1,0,0,0,0,1,1,0,1,0,1
493,0,0,0,0,0,1,1,0,1,0,0,0,0,0,1,0,0,1,0,1
494,0,0,0,0,0,1,1,1,0,1,1,0,0,0,0,0,0,1,0,0
495,1,1,1,0,1,1,1,0,0,1,0,0,0,0,0,0,0,1,0,0
496,1,0,1,0,1,0,0,0,0,0,0,0,0,0,0,0,0,1,0,0
497,0,0,0,0,0,1,1,0,0,1,0,0,0,1,0,0,0,1,0,0
498,1,1,0,1,0,0,0,0,0,0,0,0,0,0,0,0,0,0,0,0
499,1,1,0,0,0,1,1,0,1,0,0,0,0,0,0,0,0,1,0,0
500,1,1,0,1,0,1,1,0,0,1,0,0,0,0,0,0,0,1,0,0
501,1,1,1,1,1,1,1,0,1,0,0,0,0,0,1,0,0,1,0,0
502,1,1,0,1,0,0,0,0,0,0,0,0,0,0,1,0,0,1,1,0
503,0,0,1,0,1,1,0,0,0,0,0,0,0,0,0,1,0,0,0,1
504,0,0,1,0,1,0,0,0,0,0,0,0,0,0,1,0,0,0,0,1
505,0,0,1,0,1,0,0,0,1,0,0,0,0,0,1,0,0,1,1,0
506,1,1,0,0,0,0,0,0,0,0,0,0,0,0,0,0,0,0,0,0
507,1,1,0,0,0,1,1,0,1,0,0,0,0,0,1,0,0,1,0,0
508,1,1,1,0,1,1,1,0,1,0,0,0,0,0,0,0,0,0,0,0
509,0,0,0,1,0,0,0,0,0,0,0,0,0,1,1,0,0,1,0,1
510,0,0,1,0,1,1,1,0,1,0,0,0,0,0,0,0,0,1,0,0
511,1,1,0,1,0,1,1,0,1,0,0,0,0,0,0,0,0,1,0,0
512,1,1,0,1,0,1,1,0,0,1,0,0,1,0,1,1,0,1,0,0
513,1,1,0,0,0,0,0,0,0,0,0,0,0,0,0,0,0,0,0,0
514,1,1,0,0,0,0,0,0,0,0,0,0,0,0,1,0,0,1,1,0
515,1,1,0,1,0,0,0,0,0,0,0,0,0,0,0,0,0,0,0,0
516,1,1,1,1,1,1,1,0,0,1,0,0,0,0,0,0,0,0,0,0
517,1,1,1,1,1,0,0,0,0,0,0,0,0,0,0,0,0,1,0,0
518,1,1,1,0,1,0,0,0,0,0,0,0,0,0,0,0,0,0,0,0
519,1,1,0,0,0,0,0,0,0,0,0,0,1,0,1,1,0,1,0,0
520,0,0,1,0,1,1,1,0,1,0,0,0,0,0,1,0,0,0,0,1
521,0,0,0,0,0,1,1,0,1,0,0,0,0,0,0,0,0,1,0,0
522,0,0,0,0,0,0,0,0,1,0,0,0,0,0,0,0,0,0,0,0
523,0,0,0,0,0,1,1,0,1,0,0,0,0,1,0,0,0,0,0,0
524,1,1,1,0,1,1,1,0,0,1,0,0,0,0,0,0,0,0,0,1
525,1,1,0,1,0,1,1,0,0,1,0,0,0,0,1,0,0,1,0,0
526,1,1,0,1,0,1,1,0,1,0,0,0,0,0,1,0,0,1,0,0
527,0,0,0,0,0,0,0,0,0,0,0,0,1,0,0,0,0,1,1,1
528,1,1,1,0,1,1,1,0,0,1,0,0,0,0,0,0,0,1,0,0
529,1,1,0,0,0,1,1,0,1,0,0,0,0,0,1,1,0,1,0,0
530,0,0,0,0,0,1,1,0,1,0,0,0,0,0,1,0,0,0,0,0
531,0,0,0,0,0,0,0,0,0,0,0,0,0,0,0,0,0,0,0,1
532,1,1,0,1,0,0,0,0,0,0,0,0,0,0,0,0,0,1,0,0
533,0,0,1,0,1,0,0,0,0,0,0,0,0,0,0,0,0,1,0,0
534,1,1,0,1,0,1,1,0,0,1,0,0,0,0,1,1,0,0,1,0
535,1,1,0,0,0,1,1,0,0,1,0,0,0,0,1,1,0,1,0,0
536,0,0,1,0,1,0,0,0,0,0,0,0,0,0,1,0,0,1,1,0
537,0,0,1,0,1,1,1,0,0,1,0,0,0,0,0,0,0,0,0,0
538,1,1,1,0,1,1,1,0,1,0,0,0,0,0,0,0,0,0,0,1
539,1,1,1,1,1,1,1,0,1,0,0,0,0,0,0,0,0,0,0,0
540,1,1,0,1,0,0,0,0,0,0,0,0,0,0,1,1,0,1,1,0
541,1,1,1,1,1,0,0,0,0,0,0,0,0,0,0,0,0,1,0,1
542,0,0,1,0,1,1,1,0,0,1,0,0,0,0,1,1,0,0,0,0
543,1,1,0,1,0,1,1,0,0,1,0,0,0,0,0,0,0,1,0,0
544,0,0,0,0,0,1,1,0,1,0,0,0,0,0,0,0,0,1,0,0
545,1,1,0,0,0,1,1,0,1,0,0,0,0,0,1,1,0,0,0,0
546,0,0,1,0,1,0,0,0,0,0,0,0,0,0,1,1,0,0,0,0
547,0,0,1,0,1,0,0,0,0,0,0,0,0,0,0,1,0,1,0,1
548,0,0,0,0,0,0,0,0,0,0,0,0,0,0,0,0,0,1,0,0
549,1,1,0,1,0,0,0,0,0,0,0,0,0,0,1,0,0,0,0,0
550,1,1,0,1,1,1,1,1,0,1,0,0,0,0,1,1,0,0,0,0
551,1,1,0,0,0,0,0,0,0,0,0,0,0,0,1,1,0,1,0,0
552,1,1,1,1,1,1,1,0,1,0,0,0,0,0,0,1,1,1,0,1
553,0,0,1,0,1,0,0,0,0,0,0,0,0,0,0,0,1,1,0,0
554,1,1,0,1,0,0,0,0,0,0,0,0,0,0,0,0,0,0,0,0
555,1,1,0,1,1,1,1,0,0,1,0,0,0,0,0,0,0,0,0,0
556,0,0,0,0,0,0,0,0,0,0,0,0,0,0,0,0,0,1,0,0
557,1,1,0,1,1,1,1,0,1,0,0,0,0,0,1,1,0,0,0,0
558,1,1,0,1,0,1,1,0,1,0,0,0,0,0,0,0,1,0,0,1
559,1,1,0,1,0,0,1,0,0,0,0,0,0,0,0,0,0,1,0,0
560,1,1,0,0,0,0,0,0,0,0,0,0,0,0,0,0,0,1,0,0
561,0,0,0,0,0,0,0,0,0,0,1,0,0,0,0,0,0,1,0,0
562,1,1,0,0,0,1,1,0,1,0,0,0,0,0,1,0,0,1,1,1
563,0,0,1,0,1,1,1,0,0,1,0,0,1,0,0,0,0,0,0,0
564,0,0,1,0,1,0,0,0,0,1,0,0,0,0,0,0,0,1,0,0
565,0,0,1,0,1,0,0,0,0,1,0,0,0,0,1,0,0,0,1,0
566,0,0,1,0,1,0,0,0,0,0,0,0,0,0,0,0,0,1,0,0
567,1,1,1,1,1,1,1,0,1,0,0,0,0,0,0,0,0,1,0,0
568,1,1,0,0,0,0,0,0,0,0,0,0,0,0,0,0,0,0,0,0
569,0,0,1,0,0,1,1,0,0,1,0,0,0,0,1,1,0,0,0,0
570,0,0,1,0,1,1,1,0,1,0,0,0,0,0,0,0,0,0,0,0
571,1,1,0,0,0,1,1,0,0,1,0,0,1,0,1,0,0,1,0,1
572,0,0,0,0,0,1,1,0,1,0,0,0,0,0,1,0,0,1,0,0
573,1,1,0,0,0,0,0,0,0,0,0,0,0,0,1,0,0,0,0,0
574,1,1,0,1,0,0,0,0,0,0,0,0,0,0,0,0,0,0,1,0
575,0,0,1,0,1,1,1,0,0,1,0,0,0,0,1,1,0,0,0,0
576,1,1,0,0,0,1,1,0,1,0,0,0,0,0,1,1,0,0,0,0
577,1,1,1,0,1,0,0,0,0,0,0,0,0,0,1,0,0,0,0,1
578,0,0,0,0,0,0,0,0,0,0,1,0,0,0,1,1,0,1,0,0
579,1,1,1,1,1,0,0,0,0,0,0,0,0,0,1,0,1,0,1,1
580,1,1,1,1,1,1,1,0,0,1,0,0,0,1,0,0,0,0,0,0
581,1,1,0,1,0,0,0,0,0,0,1,0,0,0,0,1,1,0,1,0
582,1,1,1,1,1,1,1,0,0,1,0,1,0,0,0,0,0,0,0,0
583,1,1,0,0,0,0,0,0,0,0,0,0,0,0,0,0,1,1,0,0
584,0,0,1,0,1,1,1,0,0,1,0,0,0,0,1,1,0,1,0,1
585,0,0,1,0,1,0,0,0,0,1,0,0,0,0,0,0,0,0,0,0
586,0,0,0,0,0,0,0,0,0,0,0,0,0,0,1,1,0,0,1,0
587,0,0,0,0,0,0,0,0,0,0,0,0,0,0,1,0,0,1,0,0
588,1,1,0,0,0,0,0,0,0,0,0,0,0,0,0,0,0,1,0,0
589,1,1,0,0,0,0,0,0,0,0,0,0,0,0,0,0,0,1,0,0
590,1,1,0,0,0,1,1,0,1,0,0,0,0,0,0,0,0,0,0,0
591,1,1,0,0,0,1,1,0,0,1,0,0,0,0,0,0,0,1,0,1
592,0,0,0,0,0,1,1,0,0,1,0,0,0,0,0,0,0,1,0,0
593,1,1,0,1,0,0,1,0,0,0,0,0,0,0,0,0,0,1,0,0
594,0,0,0,0,0,1,1,0,1,0,0,1,0,0,1,1,0,1,0,1
595,1,1,0,0,0,1,1,1,0,1,0,0,0,0,0,0,0,0,0,0
596,0,0,1,0,1,0,0,1,0,0,0,0,0,0,0,0,0,0,0,1
597,1,1,0,0,0,0,0,0,0,0,0,0,0,0,0,0,0,0,0,0
598,1,1,0,1,0,1,1,0,0,1,0,0,0,0,0,0,0,0,0,0
599,1,1,1,1,1,0,0,0,0,0,0,0,0,0,0,0,0,0,0,1
600,1,1,1,1,1,1,1,0,1,0,0,0,0,0,0,0,0,0,0,0
601,1,1,0,0,0,1,0,0,0,0,0,0,0,0,0,0,0,0,0,0
602,1,1,0,1,0,1,0,0,0,0,0,0,0,0,0,0,0,1,0,0
603,1,1,0,0,0,1,1,0,0,1,0,0,0,0,0,0,0,0,0,0
604,1,1,1,0,1,0,0,0,0,0,0,0,0,0,0,0,0,1,0,0
605,1,1,0,1,0,1,1,0,0,1,0,0,0,0,1,0,0,0,0,0
606,0,0,0,0,0,0,0,0,0,0,0,0,0,0,0,0,0,0,0,0
607,0,0,0,0,0,1,1,0,1,0,0,0,0,0,1,0,0,0,1,0
608,1,1,0,1,0,1,1,0,0,1,0,0,0,0,0,0,0,1,0,0
609,1,1,1,0,1,1,1,0,0,1,0,0,0,0,0,0,0,1,0,0
610,0,0,0,0,0,0,0,0,0,0,0,0,0,0,0,0,0,1,0,0
611,1,1,0,1,0,0,0,0,0,0,0,1,0,0,0,0,0,0,0,0
612,1,1,1,1,1,0,0,0,0,0,0,0,0,0,1,1,0,1,1,0
613,0,0,0,0,0,0,0,0,0,0,0,0,0,1,0,0,0,1,0,0
614,1,1,0,0,0,0,1,0,0,0,0,0,0,0,0,0,0,0,0,0
615,1,1,1,1,1,0,0,0,0,0,0,0,0,0,0,0,0,0,0,0
616,1,1,1,1,1,1,1,0,0,1,0,0,0,0,0,0,0,0,0,1
617,0,0,0,0,0,0,0,0,0,0,0,0,0,0,1,1,0,1,0,0
618,0,0,0,0,0,1,1,0,1,0,0,0,0,0,0,0,0,1,0,0
619,0,0,0,0,0,1,1,0,0,1,0,0,0,1,0,0,0,1,0,0
620,1,1,0,0,0,1,1,0,0,1,0,0,0,0,0,0,0,0,0,0
621,0,0,1,0,1,1,1,0,0,1,0,1,0,0,0,0,0,0,0,0
622,1,1,1,0,1,1,1,0,1,0,0,0,0,0,0,0,0,0,0,0
623,0,0,0,0,0,1,1,0,0,1,0,0,0,0,1,1,0,0,0,0
624,1,1,1,1,1,0,0,0,0,0,0,0,0,0,1,1,0,1,0,1
625,1,1,1,0,1,1,1,0,1,0,0,0,0,0,1,1,0,1,0,1
626,0,0,1,0,1,1,1,0,0,1,0,0,0,0,0,0,0,1,1,1
627,1,1,0,0,0,0,0,0,0,0,0,0,0,0,1,1,0,1,1,0
628,0,0,1,0,1,1,1,0,0,1,0,0,0,0,0,0,0,0,0,0
629,1,1,0,0,0,0,0,0,0,1,0,0,0,0,0,0,0,0,0,0
630,1,1,1,1,1,1,1,0,1,0,0,0,1,0,0,0,0,0,0,0
631,1,1,0,0,0,1,1,0,0,1,0,0,0,0,0,0,0,0,1,1
632,1,1,1,0,1,1,1,0,0,1,0,0,0,0,1,1,0,1,1,0
633,1,1,0,1,0,1,1,0,0,1,0,0,1,0,1,1,0,1,1,1
634,1,1,0,1,0,1,1,0,0,1,1,0,0,0,0,0,0,0,0,0
635,1,1,0,1,0,1,1,1,0,1,0,0,0,0,0,0,0,1,0,1
636,0,0,0,0,0,0,0,0,0,0,0,0,0,0,1,0,0,1,1,0
637,0,0,0,0,0,0,0,0,0,0,0,0,0,0,0,0,0,0,0,0
638,1,1,0,1,0,1,1,0,0,1,0,0,0,0,1,1,0,1,0,0
639,1,1,0,0,0,1,1,0,0,1,0,0,0,0,1,1,0,0,1,0
640,0,0,0,0,1,1,1,0,0,1,0,0,0,0,1,0,0,0,0,0
641,1,1,1,1,1,0,0,0,0,0,0,1,0,0,0,0,0,1,0,0
642,1,1,0,1,0,1,1,0,0,1,0,0,0,0,0,0,0,0,0,0
643,1,1,0,0,0,1,1,0,1,0,0,0,0,0,1,1,0,1,1,0
644,1,1,1,1,1,1,1,0,1,0,0,0,0,0,1,0,0,1,1,1
645,0,0,0,0,0,1,1,0,0,1,0,0,0,0,0,0,0,0,0,0
646,1,1,1,1,1,1,1,0,0,1,0,0,0,0,0,0,0,0,1,0
647,0,0,0,0,0,1,1,0,0,1,1,0,0,0,1,0,0,0,1,0
648,1,1,1,0,1,0,0,0,0,0,0,0,1,0,0,0,0,0,0,0
649,0,0,1,0,1,0,0,0,0,0,0,0,0,0,0,1,0,1,0,1
650,1,1,0,0,0,0,0,0,0,0,0,0,0,0,0,0,0,1,0,1
651,1,1,1,0,1,0,0,0,0,0,0,0,0,0,1,0,0,1,1,1
652,1,1,0,0,0,0,0,0,0,0,0,0,0,0,0,0,0,1,0,0
653,1,1,0,1,0,1,1,0,0,1,0,0,0,0,0,0,0,1,0,0
654,1,1,1,1,1,0,0,0,0,0,0,0,0,0,0,0,0,0,0,0
655,1,1,1,0,1,1,1,0,0,1,0,0,0,0,1,1,0,0,1,0
656,1,1,0,1,0,0,0,0,0,0,0,0,0,0,0,0,0,0,0,0
657,0,0,1,0,1,0,0,0,0,0,0,0,0,0,1,0,0,0,0,0
658,1,1,0,0,0,0,0,0,0,0,0,0,0,0,0,1,0,1,0,0
659,0,0,0,0,0,0,0,0,0,0,0,0,0,0,0,0,1,0,0,1
660,1,1,1,0,1,1,1,0,1,0,0,0,0,0,1,0,0,0,0,0
661,1,1,1,1,1,1,1,0,1,0,0,0,0,0,0,0,0,1,0,1
662,1,1,1,0,1,0,0,0,0,0,0,0,0,1,1,1,0,1,1,0
663,0,0,1,0,1,1,1,0,1,0,0,0,0,0,1,1,0,1,0,0
664,1,1,0,0,0,1,1,0,1,0,0,0,0,0,0,0,0,1,0,1
665,1,1,0,0,0,1,1,0,0,1,0,0,0,0,0,0,0,1,0,1
666,1,1,1,1,1,1,1,0,0,1,0,0,0,0,1,1,0,1,0,0
667,1,1,0,1,0,0,0,0,0,0,0,0,0,0,0,0,0,1,0,0
668,1,1,0,0,0,1,1,0,1,0,0,0,1,0,0,0,0,0,0,0
669,0,0,1,1,0,1,1,0,0,1,0,0,0,0,0,0,0,1,0,0
670,1,1,0,1,0,1,1,0,1,0,0,0,0,0,0,0,0,0,0,0
671,0,0,1,0,1,0,0,0,0,0,0,0,0,0,0,0,0,0,0,0
672,1,1,0,0,0,1,1,0,1,0,0,0,0,0,0,0,0,1,0,1
673,1,1,1,0,1,1,1,0,0,1,0,0,0,0,1,1,0,0,0,0
674,1,1,1,0,1,1,1,0,0,1,0,0,0,0,1,1,0,0,1,1
675,1,1,0,1,0,0,0,0,0,0,0,0,0,0,0,0,0,0,0,0
676,1,1,1,0,1,0,0,0,0,0,0,0,0,0,0,0,0,0,0,1
677,1,1,1,1,1,1,1,0,1,0,0,0,0,0,0,0,0,0,0,0
678,0,0,0,0,0,0,0,0,0,0,0,0,0,0,0,0,0,0,0,1
679,0,0,1,0,1,0,0,0,0,0,0,0,0,0,1,1,0,1,0,0
680,1,1,0,0,0,0,0,0,1,0,0,0,0,0,0,0,0,1,0,0
681,1,1,1,1,1,0,0,0,0,0,0,0,0,0,0,0,0,1,0,0
682,1,1,0,0,0,0,0,0,0,0,0,0,0,0,1,0,0,0,0,0
683,0,0,1,0,1,0,0,0,0,0,0,0,0,0,0,0,0,0,0,0
684,1,1,1,1,1,0,0,0,0,0,0,0,0,0,0,0,0,0,0,0
685,0,0,0,0,0,0,0,0,0,0,0,0,0,0,0,0,0,0,0,1
686,1,1,1,0,1,1,1,0,0,1,0,0,0,0,1,0,0,0,0,1
687,1,1,1,0,1,1,1,0,1,0,0,0,0,0,0,0,0,0,0,0
688,1,1,0,0,0,1,1,1,0,1,0,0,0,0,0,0,0,1,0,0
689,1,1,0,1,0,1,1,0,0,1,0,0,0,0,0,0,1,1,0,0
690,1,1,0,0,0,0,0,0,0,0,0,0,0,0,1,1,0,1,1,1
691,1,1,1,1,1,1,1,0,0,1,0,0,0,0,0,0,0,0,0,1
692,0,0,1,0,0,0,0,0,0,0,0,0,0,0,1,0,0,0,0,0
693,1,1,0,0,0,1,1,0,0,1,0,0,0,0,1,1,0,0,0,0
694,0,0,0,0,0,1,1,0,0,1,0,0,0,0,0,0,0,1,0,0
695,0,0,0,0,0,0,0,0,0,0,0,0,1,0,1,1,0,1,0,0
696,0,0,0,0,0,0,0,0,0,0,0,0,0,0,0,0,0,1,0,0
697,1,1,1,1,1,1,1,0,1,0,0,0,0,0,0,1,0,0,0,0
698,0,0,0,0,0,0,0,0,0,0,0,0,0,0,0,0,0,0,0,1
699,1,1,0,1,0,0,0,0,0,0,0,0,0,0,0,0,0,0,0,1
700,1,1,0,1,0,1,1,0,1,0,0,0,0,0,0,0,0,0,0,1
701,1,1,0,0,0,0,0,0,0,0,0,0,0,0,1,1,0,1,0,0
702,1,1,1,1,1,0,0,0,0,0,0,0,0,0,1,0,0,1,0,0
703,0,0,1,0,1,1,1,0,0,1,0,0,0,0,0,0,0,0,0,0
704,1,1,1,0,1,1,1,0,0,1,0,0,0,0,0,0,0,1,1,1
705,0,0,0,0,0,1,1,0,0,1,0,0,0,0,0,0,0,0,0,0
706,1,1,1,1,1,1,1,0,0,1,0,0,0,0,0,0,0,0,0,0
707,0,0,0,0,0,1,1,0,0,1,0,0,0,0,1,1,0,1,1,1
708,1,1,0,1,0,0,0,0,0,0,0,0,0,0,1,1,1,1,0,0
709,0,0,1,0,1,0,0,0,0,0,0,0,0,0,0,0,0,0,0,0
710,1,1,1,1,1,0,0,1,0,0,0,0,0,0,1,0,0,1,0,1
711,1,1,0,0,0,1,1,0,1,0,0,0,0,0,0,0,0,0,0,1
712,0,0,0,0,0,0,0,0,0,0,0,0,0,0,1,0,0,1,0,1
713,1,1,1,1,1,0,0,0,0,0,0,0,0,0,0,0,0,0,0,0
714,1,1,1,0,1,1,1,0,1,0,0,0,0,0,0,0,0,0,0,1
715,1,1,0,1,0,0,0,0,0,0,0,0,0,0,1,0,0,1,0,0
716,0,0,0,0,1,0,0,1,0,0,0,0,0,0,0,0,0,0,0,1
717,0,0,1,0,1,1,1,0,1,0,0,0,0,0,1,1,0,1,1,0
718,1,1,0,1,0,1,1,1,0,1,0,0,0,0,0,0,0,1,1,0
719,1,1,0,1,0,1,1,0,0,1,0,0,0,0,0,0,1,1,0,1
720,1,1,1,1,1,0,0,0,0,0,0,0,0,0,0,0,0,1,0,0
721,0,0,1,0,0,1,1,0,1,0,1,0,0,0,0,0,0,0,0,1
722,1,1,0,0,0,0,0,0,0,0,0,0,0,0,0,0,0,1,1,0
723,1,1,1,1,1,0,0,0,0,0,0,0,0,0,0,0,0,0,0,0
724,1,1,0,1,0,0,0,0,0,0,0,0,0,0,1,1,0,1,0,0
725,1,1,0,0,0,0,0,0,0,0,0,0,0,0,0,0,0,1,0,0
726,1,1,1,1,1,1,1,0,0,1,0,1,0,0,0,0,0,0,0,0
727,1,1,0,0,0,0,0,0,1,0,0,0,0,0,0,0,1,0,0,1
728,1,1,1,1,1,0,0,0,0,0,0,0,0,0,0,0,0,0,0,1
729,0,0,1,0,1,0,0,0,0,0,0,0,0,0,0,0,0,1,0,0
730,1,1,1,1,1,1,1,0,1,0,0,0,0,0,0,0,0,0,0,0
731,0,0,0,0,0,1,1,0,0,1,0,0,0,0,1,1,0,0,1,0
732,0,0,0,0,0,0,0,0,0,1,0,0,0,0,0,0,0,0,0,1
733,1,1,0,1,1,1,1,0,1,0,0,0,0,0,0,0,0,1,0,1
734,0,0,0,0,0,1,1,0,1,0,0,0,0,0,0,0,0,1,0,0
735,1,1,1,1,1,0,0,0,0,0,0,0,0,0,0,0,0,1,0,0
736,1,1,0,1,0,1,1,0,1,0,0,0,0,0,0,0,0,0,0,0
737,0,0,1,0,1,1,1,0,1,0,0,0,0,0,0,0,0,0,0,1
738,1,1,0,0,0,0,0,0,0,0,0,0,0,0,0,0,0,0,0,0
739,1,1,0,1,0,1,1,0,1,0,0,0,0,0,0,0,0,1,0,0
740,0,0,0,0,0,1,1,0,1,0,0,1,0,0,0,0,0,1,0,0
741,1,1,1,1,1,1,1,0,1,0,0,0,0,0,0,0,0,0,0,0
742,1,1,0,1,0,0,0,0,0,0,0,0,0,1,0,0,0,0,0,1
743,1,1,0,0,0,1,1,0,0,1,0,0,0,0,1,1,0,0,0,1
744,0,0,0,0,0,1,1,0,0,1,0,0,0,0,1,1,0,1,1,1
745,0,0,0,0,0,0,0,0,0,0,0,0,0,0,1,0,0,1,1,0
746,1,1,1,0,1,0,0,0,0,1,0,0,0,0,1,0,0,0,0,0
747,0,0,0,0,0,0,0,0,0,0,0,0,0,0,1,1,0,0,0,0
748,0,0,0,0,0,1,1,0,0,1,0,0,0,0,1,0,0,0,0,0
749,1,1,0,1,0,1,1,0,0,1,0,0,1,0,0,0,0,0,0,0
750,0,0,1,0,1,1,1,0,1,0,0,0,0,0,1,1,0,0,0,1
751,1,1,0,1,0,1,1,0,0,1,0,0,0,0,0,0,0,0,0,0
752,1,1,0,1,0,0,0,0,0,0,0,0,0,0,0,0,0,0,0,0
753,1,1,0,1,0,0,0,0,0,0,0,0,0,0,0,0,0,1,0,0
754,0,0,0,0,0,0,0,0,0,0,0,0,0,0,1,1,0,0,0,0
755,1,1,1,0,1,1,1,1,0,1,0,0,0,0,0,0,0,1,0,1
756,0,0,1,0,1,1,0,0,0,0,0,0,0,0,1,0,0,1,0,0
757,0,0,0,0,0,1,1,0,0,1,0,0,0,0,0,0,0,0,0,0
758,0,0,1,0,1,0,0,0,0,0,0,0,0,0,0,1,0,0,0,0
759,1,1,0,1,0,0,0,0,0,0,0,0,0,0,0,0,0,0,0,1
760,0,0,0,0,0,0,0,0,0,0,0,0,0,0,1,0,0,0,0,1
761,1,1,1,1,1,1,1,0,1,0,0,0,0,0,0,0,0,0,0,0
762,0,0,0,0,0,1,1,0,1,0,0,0,0,0,1,0,0,0,0,0
763,0,0,0,0,0,1,1,0,0,1,0,0,0,0,0,0,0,1,0,0
764,1,1,0,0,0,0,0,0,0,0,0,0,0,0,0,0,0,1,1,1
765,1,1,0,1,0,1,1,0,0,1,0,0,0,0,0,0,0,1,0,0
766,1,1,0,1,0,1,1,0,1,1,0,0,0,0,0,0,0,1,0,0
767,0,0,1,0,1,1,1,0,1,1,0,0,0,0,0,0,0,0,0,1
768,0,0,1,0,1,1,1,0,0,1,0,0,0,0,1,1,0,1,0,0
769,1,1,1,0,1,0,0,0,0,0,0,0,0,0,1,1,0,0,0,1
770,0,0,1,0,1,1,1,0,1,0,0,1,0,0,0,0,0,1,0,0
771,1,1,0,1,0,0,0,0,0,0,0,0,0,0,0,0,0,0,0,1
772,0,0,1,0,1,1,1,0,0,1,0,0,0,0,0,0,0,0,0,0
773,0,0,0,0,0,0,0,1,0,0,1,1,0,0,1,0,0,1,1,0
774,1,1,0,1,0,1,1,0,1,0,0,0,0,0,1,1,0,1,0,0
775,1,1,0,1,0,1,1,1,1,0,0,0,0,0,0,0,0,0,0,0
776,1,1,1,0,1,0,0,0,0,0,0,0,0,0,1,0,0,0,0,1
777,0,0,1,0,0,1,1,0,0,1,0,0,1,0,1,0,0,0,1,0
778,0,0,0,1,0,1,0,0,0,0,0,0,0,0,0,0,0,1,0,0
779,0,0,0,0,0,1,1,0,0,1,0,0,0,0,0,0,0,0,0,0
780,1,1,1,1,1,0,0,0,0,0,0,0,0,0,0,0,0,0,0,0
781,0,0,1,0,1,0,0,1,0,0,0,0,0,0,0,0,0,0,0,0
782,1,1,0,1,0,1,1,0,1,0,0,0,0,0,0,0,0,1,0,1
783,1,1,0,0,0,0,0,0,0,0,0,0,0,0,0,0,0,1,0,0
784,1,0,1,0,1,0,0,0,0,0,0,0,0,0,1,0,0,0,0,1
785,1,1,0,0,0,0,0,0,0,0,0,0,0,0,0,0,0,0,0,0
786,1,1,1,1,0,1,1,0,1,0,0,0,0,0,0,0,0,1,0,1
787,1,1,0,1,0,0,0,0,0,0,0,0,0,0,0,0,0,0,0,0
788,0,0,1,0,1,0,0,0,0,0,0,0,0,0,1,1,0,0,1,0
789,1,1,1,1,1,0,0,0,0,0,0,0,1,0,0,0,0,0,0,1
790,1,1,0,1,1,0,0,0,0,1,0,0,0,0,1,0,0,1,1,0
791,0,0,1,0,1,1,1,0,1,0,0,1,0,0,0,0,1,1,0,0
792,0,0,0,0,0,0,0,0,0,0,0,0,0,0,0,0,0,1,0,0
793,1,1,1,1,0,1,1,0,1,0,0,0,0,0,0,0,0,1,0,0
794,0,0,0,0,0,0,0,0,0,0,0,0,0,0,1,1,0,0,0,0
795,0,0,1,0,1,1,1,0,1,0,0,0,0,0,0,0,0,1,0,0
796,1,1,0,0,0,0,0,0,0,0,0,0,0,0,0,0,0,1,0,1
797,0,0,0,0,0,1,1,0,0,1,0,0,0,0,0,0,0,1,0,0
798,1,1,0,1,0,1,1,0,0,1,0,0,0,0,0,0,0,0,0,0
799,0,0,0,0,0,0,0,0,0,0,0,0,0,0,0,0,0,1,0,1
800,0,0,0,0,0,1,1,0,0,1,0,0,0,0,1,0,0,0,0,0
801,1,1,1,1,1,1,1,0,0,1,0,0,0,0,0,0,0,0,0,0
802,1,1,0,1,0,1,1,0,0,1,0,0,0,0,1,0,0,1,0,1
803,1,1,0,1,0,1,1,0,1,0,0,0,0,0,0,0,0,0,0,0
804,0,0,0,0,0,1,1,0,0,1,0,0,0,0,0,0,0,0,0,0
805,1,1,0,1,0,0,0,0,0,0,0,0,0,0,0,0,0,1,0,0
806,1,1,1,1,1,1,1,0,1,0,0,0,0,0,0,0,0,1,0,0
807,1,1,1,1,1,1,1,0,1,0,0,0,0,0,0,0,0,1,0,0
808,1,1,0,1,0,1,1,0,0,1,0,0,0,0,0,0,0,0,0,0
809,0,0,1,0,1,0,0,0,0,0,1,0,0,0,0,0,0,1,0,0
810,0,0,0,0,0,0,0,0,0,0,0,0,0,0,1,0,0,1,0,0
811,0,0,1,0,1,1,1,1,0,1,0,0,0,0,0,0,0,1,0,0
812,0,0,1,0,1,0,0,0,0,0,0,0,0,0,1,1,0,0,0,0
813,1,1,1,1,1,1,1,0,0,1,0,0,0,0,0,0,0,0,0,0
814,0,0,1,0,1,1,1,0,0,1,0,0,0,0,1,0,0,1,1,0
815,1,1,0,0,0,0,0,0,0,0,0,0,0,0,0,0,0,0,0,0
816,1,1,0,0,0,0,0,0,0,0,0,0,0,0,1,0,1,0,1,0
817,1,1,1,1,1,0,0,0,0,0,0,0,0,0,0,0,0,0,0,0
818,0,0,0,0,0,1,1,0,1,0,0,0,0,0,0,0,0,1,0,0
819,1,1,1,1,1,1,1,0,1,0,0,0,0,0,1,1,0,0,1,0
820,0,0,0,0,0,1,1,0,1,0,1,0,0,0,0,0,0,0,0,1
821,0,0,0,0,0,1,1,0,0,1,0,0,0,0,1,0,0,1,0,0
822,1,1,1,1,1,1,1,0,0,1,0,0,0,0,0,0,0,0,0,0
823,0,0,0,0,0,1,1,0,1,0,0,0,0,0,0,0,0,1,0,0
824,1,1,1,1,1,0,0,0,0,0,0,0,0,0,0,0,0,0,0,0
825,0,0,0,0,0,0,0,0,0,0,0,0,0,0,0,0,0,0,0,0
826,1,1,1,1,1,1,0,0,0,0,0,0,0,0,0,0,0,1,0,0
827,0,0,0,0,0,0,0,0,0,0,0,0,0,0,0,0,0,1,0,1
828,0,1,1,0,1,0,0,0,0,0,0,0,0,0,0,0,0,0,0,0
829,0,0,1,0,1,0,0,0,0,0,0,0,0,0,1,0,0,1,0,1
830,1,1,1,1,1,0,0,0,0,0,0,0,0,0,0,0,0,0,0,0
831,1,1,1,1,1,0,0,0,0,0,0,0,0,0,1,1,0,0,0,1
832,1,1,0,1,0,1,1,0,1,0,0,0,0,0,0,1,0,0,0,0
833,0,0,0,0,0,1,1,0,1,0,0,0,0,0,0,0,0,0,0,0
834,1,1,0,0,0,0,0,0,0,0,0,0,0,0,0,0,0,0,0,0
835,0,0,1,0,1,1,1,0,1,0,0,0,0,0,1,0,0,0,0,1
836,0,0,0,0,0,1,1,0,1,0,0,0,0,0,1,1,0,1,0,0
837,0,0,0,0,0,0,0,0,0,0,0,0,0,0,1,0,0,1,1,1
838,1,1,1,0,1,1,1,0,0,1,0,0,0,0,0,0,0,0,0,0
839,1,1,1,0,1,1,1,0,1,0,0,0,1,0,0,0,0,0,0,0
840,1,1,0,1,0,1,1,0,1,0,0,0,0,0,1,0,0,1,1,0
841,1,1,0,1,0,0,0,0,0,0,0,0,0,0,0,0,0,1,0,1
842,1,1,0,0,0,0,0,0,0,0,0,0,0,0,0,0,0,1,0,1
843,1,1,0,1,0,1,1,0,0,1,0,0,0,0,0,0,0,1,0,0
844,0,0,1,0,1,1,1,0,1,0,0,0,0,0,1,1,0,0,0,0
845,1,1,1,0,1,1,1,0,0,1,0,0,0,0,0,0,0,0,0,1
846,1,1,1,0,1,1,1,0,0,1,0,0,0,0,0,0,0,0,0,0
847,1,1,0,0,0,0,0,0,0,0,0,0,0,0,0,0,0,0,0,1
848,1,1,0,1,0,0,0,0,0,0,0,0,0,0,1,0,0,1,1,0
849,1,1,1,1,1,0,0,1,0,0,0,0,0,1,1,0,1,1,0,0
850,1,1,1,0,1,1,1,0,1,0,0,0,0,0,0,0,0,0,0,0
851,1,1,1,1,1,0,0,0,0,0,0,0,0,0,0,0,0,0,0,0
852,0,0,0,0,0,1,0,0,0,0,0,0,0,0,0,0,0,0,0,0
853,1,1,1,0,1,0,0,0,0,0,0,0,0,0,0,0,0,1,0,0
854,0,0,0,0,0,0,0,0,0,0,0,0,0,0,0,0,0,0,0,0
855,0,0,1,0,1,1,1,0,0,1,0,0,0,0,0,0,1,0,0,1
856,1,1,0,1,0,1,1,0,1,0,0,0,0,0,0,0,0,1,0,0
857,1,1,0,0,0,0,0,0,0,0,0,0,0,0,1,0,0,1,0,0
858,1,1,1,0,1,1,1,0,0,1,0,0,1,0,1,1,0,1,0,1
859,1,1,0,0,0,0,0,0,0,0,0,0,0,0,0,0,0,1,0,0
860,0,0,1,0,1,0,0,0,0,0,1,0,0,0,0,0,0,1,0,0
861,0,0,0,0,0,0,0,0,0,0,0,0,0,0,0,0,0,1,0,0
862,0,0,1,0,1,0,0,0,0,0,0,0,0,0,0,0,0,1,0,0
863,0,0,1,0,1,1,1,0,0,1,0,0,0,0,0,0,0,1,0,0
864,0,0,1,0,1,0,0,0,0,0,0,0,0,0,1,1,0,0,0,0
865,0,0,0,0,0,1,1,0,1,0,0,0,0,0,1,0,0,1,0,0
866,1,1,0,1,0,1,1,0,1,0,0,0,0,0,0,0,0,0,0,0
867,0,0,1,0,1,1,1,0,1,0,0,0,0,0,0,0,0,0,0,0
868,1,1,1,0,1,0,0,0,0,0,0,0,0,0,0,0,0,1,0,1
869,1,1,0,0,0,1,1,1,0,1,0,0,0,0,0,1,0,1,0,0
870,1,1,1,1,1,1,1,0,0,1,0,0,0,0,0,0,0,0,0,1
871,1,1,0,1,0,1,1,0,0,1,0,0,0,0,0,0,0,1,0,1
872,0,0,0,0,0,0,0,0,1,0,0,0,0,0,0,0,0,0,0,0
873,0,0,0,0,0,0,0,0,0,1,0,0,0,0,1,0,0,1,0,0
874,0,0,0,0,0,1,1,0,0,1,0,0,0,0,1,1,0,0,0,1
875,1,1,1,1,1,1,1,0,1,1,0,0,0,0,0,0,0,1,0,0
876,1,1,0,1,0,0,0,0,0,0,0,0,0,0,0,0,0,0,0,1
877,1,1,0,1,0,1,1,0,0,1,0,1,0,0,1,1,0,1,0,1
878,1,1,0,0,0,0,0,0,0,0,0,0,0,0,0,0,0,0,0,0
879,1,1,1,0,1,1,1,0,1,0,0,0,0,0,0,0,0,1,0,0
880,1,1,0,1,0,0,0,0,0,0,0,0,0,0,1,0,0,1,0,0
881,1,1,1,1,1,0,0,0,0,0,0,0,0,0,0,0,0,1,0,0
882,1,1,1,1,1,1,1,0,0,1,0,0,0,0,0,0,0,0,0,0
883,1,1,0,1,0,1,1,0,0,1,0,0,0,0,0,0,0,0,0,0
884,1,1,1,1,1,0,0,0,0,0,0,0,0,0,1,0,1,0,0,0
885,1,1,0,1,0,0,0,0,0,0,0,0,0,0,0,0,0,1,0,0
886,1,1,0,0,0,0,0,0,0,0,0,0,0,0,0,0,0,1,0,0
887,1,1,0,1,0,1,1,0,1,0,0,0,0,0,0,0,0,0,0,0
888,0,0,1,0,1,1,1,0,1,0,0,0,0,0,0,0,0,1,0,0
889,0,0,0,0,0,1,1,0,1,0,1,0,0,1,1,1,0,1,1,1
890,0,0,1,0,1,0,0,0,0,0,0,0,0,0,0,0,0,0,0,0
891,1,1,1,1,1,1,1,0,1,0,0,0,0,0,0,0,0,0,0,0
892,1,1,0,0,0,1,1,0,1,1,0,0,0,0,0,0,0,0,0,0
893,1,1,1,0,1,0,0,0,0,0,0,0,0,0,1,0,0,1,0,0
894,0,0,1,0,1,1,1,0,0,1,0,0,0,0,0,0,0,0,0,0
895,1,1,0,1,0,1,1,0,1,0,0,0,0,0,0,0,0,0,0,0
896,1,1,1,1,1,0,0,0,0,0,0,0,0,0,1,1,0,1,0,0
897,1,1,0,1,0,1,0,0,0,0,0,0,0,0,0,0,0,0,0,0
898,1,1,0,1,0,0,0,0,0,0,0,0,0,0,0,0,0,1,0,0
899,1,1,0,1,0,1,1,0,1,0,0,0,0,0,1,0,0,0,1,1
900,1,1,0,0,0,1,1,0,0,1,0,0,0,0,1,0,0,0,0,0
901,1,1,0,0,0,1,1,0,1,0,0,0,0,0,0,0,0,1,0,0
902,0,0,1,0,1,0,0,0,0,0,0,0,0,0,0,0,0,0,0,0
903,0,0,1,0,1,1,1,0,0,1,0,0,0,1,0,0,1,1,0,1
904,0,0,0,0,0,0,0,0,0,0,0,0,0,0,1,1,0,1,0,0
905,1,1,1,0,1,1,1,0,1,0,0,0,1,0,1,0,0,0,1,0
906,0,0,1,0,1,1,1,1,1,0,0,0,0,0,1,1,0,0,0,0
907,0,0,0,0,0,1,1,0,1,0,0,1,0,0,0,0,0,0,0,0
908,1,1,1,0,1,1,1,0,1,0,0,0,0,0,0,0,0,1,0,0
909,1,1,0,0,0,1,1,0,0,1,0,0,0,0,1,1,0,0,1,1
910,0,0,0,0,0,1,1,0,1,0,0,0,0,0,1,1,0,0,0,1
911,0,0,0,0,0,0,0,0,0,0,0,0,0,0,0,0,0,1,0,0
912,1,1,1,0,0,1,1,0,1,0,0,0,0,0,0,0,0,1,0,0
913,0,0,0,0,0,0,0,0,0,0,0,0,0,0,0,0,0,0,0,0
914,1,1,0,0,0,1,1,0,1,1,0,0,0,0,0,0,0,1,0,1
915,0,0,0,0,0,1,1,0,1,0,0,0,0,0,0,0,0,1,0,1
916,1,1,0,0,0,0,0,0,0,0,0,0,1,0,1,1,0,1,0,0
917,1,1,1,1,1,1,1,0,1,0,0,0,0,0,0,0,0,0,0,0
918,1,1,1,0,1,0,0,0,0,0,0,0,0,0,0,0,0,1,0,1
919,1,1,0,1,0,1,1,0,1,0,0,0,0,0,0,0,0,1,0,0
920,1,1,1,0,0,0,0,0,0,0,0,0,0,0,0,0,0,0,0,1
921,1,1,0,1,0,1,1,0,1,0,0,0,0,0,0,0,0,1,0,1
922,1,1,0,1,0,0,0,0,0,0,0,0,0,0,0,0,0,0,0,0
923,0,0,0,0,0,0,0,0,0,0,0,0,0,0,0,0,0,1,0,1
924,0,0,0,0,0,1,1,0,0,1,0,0,0,0,0,0,0,1,0,0
925,1,1,0,1,0,0,0,0,0,0,0,0,0,0,1,1,0,0,0,1
926,1,1,0,0,0,0,0,0,0,0,0,0,0,0,0,0,0,0,0,0
927,1,1,0,0,0,1,1,0,1,0,0,0,0,0,0,0,0,0,0,0
928,1,1,1,0,1,0,0,0,0,0,0,0,0,0,1,0,0,1,0,0
929,0,0,0,0,0,0,0,0,0,0,0,0,0,0,0,0,0,1,0,1
930,1,1,0,1,0,1,1,0,0,1,0,0,1,0,0,0,0,1,0,0
931,0,0,1,0,1,1,1,0,1,0,0,0,0,1,0,0,0,1,0,1
932,0,0,0,0,0,0,0,0,0,0,0,0,1,0,0,0,0,1,0,1
933,0,0,1,0,1,1,1,0,0,1,0,0,0,0,0,0,0,0,0,0
934,0,0,0,0,0,1,1,0,1,0,0,0,0,0,1,1,0,0,0,0
935,1,1,1,0,1,0,0,0,0,0,0,0,0,0,0,0,0,0,0,1
936,1,1,0,0,0,1,1,0,0,1,0,0,0,1,0,0,0,0,0,0
937,1,1,0,1,0,0,0,0,0,0,0,1,0,0,1,1,0,0,0,1
938,1,1,0,1,0,1,1,0,1,0,0,0,0,0,1,0,0,1,0,0
939,1,0,1,0,1,1,1,0,1,0,0,0,0,1,0,0,0,0,0,0
940,0,0,0,0,0,0,0,0,0,0,0,0,0,0,0,0,0,0,0,0
941,1,1,0,0,0,0,0,0,0,0,0,0,0,0,0,0,0,1,0,0
942,1,1,0,1,0,0,0,0,0,0,0,0,0,0,1,1,0,0,0,0
943,1,1,1,0,1,0,0,0,0,0,0,0,0,0,0,0,0,1,0,0
944,1,1,0,0,0,0,0,0,0,1,0,0,0,0,1,0,0,1,1,0
945,1,1,1,1,1,1,1,0,0,1,0,0,0,0,0,0,0,0,0,0
946,1,1,1,0,1,1,1,0,0,1,0,0,0,0,0,0,0,0,0,1
947,1,1,0,0,0,0,0,0,0,0,0,0,0,0,1,1,0,0,1,1
948,0,0,0,0,0,1,1,0,0,1,0,0,1,1,0,0,0,1,0,0
949,1,1,0,1,0,0,0,0,0,0,1,0,0,0,0,0,0,0,0,0
950,1,1,0,1,0,1,1,1,1,0,0,0,0,0,0,0,0,1,0,1
951,0,0,1,0,1,0,0,0,0,0,0,0,0,0,1,1,0,1,1,0
952,0,0,0,0,0,0,0,0,0,0,0,0,0,0,0,0,0,0,0,0
953,0,0,1,0,1,0,0,0,0,0,0,0,0,0,0,0,0,0,0,0
954,0,0,1,0,1,0,0,0,0,0,0,0,0,0,1,1,0,0,0,0
955,1,1,0,1,0,0,0,0,0,0,0,0,0,0,0,0,0,0,0,0
956,1,1,0,0,0,1,1,0,0,1,0,0,0,0,0,0,1,1,0,0
957,1,1,1,0,1,1,1,0,1,0,0,0,0,0,1,1,0,1,0,0
958,1,1,0,1,0,1,1,0,0,1,0,0,0,0,0,0,0,0,0,0
959,1,1,0,1,0,0,0,0,0,0,0,0,0,0,1,1,0,1,0,0
960,1,1,1,0,1,0,0,0,0,0,1,0,0,0,1,1,0,0,0,0
961,1,1,0,1,0,1,0,0,0,0,0,0,0,0,0,0,0,1,0,0
962,1,1,1,0,1,1,1,0,0,1,0,0,0,0,0,0,0,1,0,1
963,1,1,1,1,1,0,0,0,0,0,0,0,0,0,0,0,0,1,0,0
964,0,1,1,0,1,1,1,0,1,0,0,1,0,0,1,0,0,1,0,0
965,1,1,0,1,0,1,1,0,0,1,0,0,0,0,0,0,0,0,0,0
966,0,0,0,0,0,0,0,0,0,0,0,0,0,0,0,0,0,0,0,0
967,1,1,0,1,0,0,0,0,1,0,0,0,0,0,0,0,0,0,0,0
968,1,1,0,1,0,1,1,0,0,1,1,0,0,0,1,1,0,1,1,0
969,1,1,0,1,0,0,0,0,0,0,0,0,0,0,0,0,0,1,0,0
970,0,0,0,0,0,0,0,0,0,0,0,0,0,0,1,1,0,0,1,0
971,1,1,0,1,0,1,1,0,0,1,0,0,0,0,0,0,0,0,0,1
972,0,0,0,0,0,1,1,0,0,1,0,0,0,1,0,0,0,0,0,0
973,1,1,0,1,0,1,1,0,1,0,0,0,1,0,0,0,0,0,0,0
974,1,1,1,1,1,0,0,0,0,1,0,0,0,0,0,0,0,1,0,0
975,0,0,0,0,1,1,1,0,1,0,0,0,0,0,1,1,0,0,1,0
976,0,0,0,0,0,1,1,0,0,1,0,0,0,0,0,0,0,0,0,0
977,1,1,0,1,0,1,1,0,0,1,0,0,0,0,1,1,1,0,0,0
978,1,1,0,0,0,1,1,0,1,0,0,0,0,0,0,0,0,0,0,0
979,1,1,0,0,0,1,1,0,1,1,0,0,0,0,0,0,0,0,0,1
980,1,1,0,0,0,1,1,0,1,1,0,0,0,0,0,0,0,1,0,1
981,1,1,0,1,0,1,1,0,1,0,1,0,0,0,0,0,0,0,0,0
982,0,0,1,0,1,1,1,0,1,0,0,0,0,0,0,0,0,0,0,0
983,0,0,0,0,0,0,0,0,0,0,0,0,0,0,0,0,0,0,0,0
984,1,1,1,1,1,1,1,0,1,0,0,0,0,0,0,0,0,1,0,1
985,1,1,0,1,0,0,0,0,0,0,0,0,0,0,0,0,0,1,0,0
986,0,0,0,0,0,0,0,0,0,0,0,0,0,0,0,0,0,0,0,0
987,0,0,0,0,0,0,0,0,0,0,0,0,0,0,1,1,0,0,0,0
988,0,0,0,0,0,1,1,0,0,1,0,0,0,0,0,1,0,0,0,0
989,0,0,0,0,0,1,1,0,0,1,0,0,0,1,0,0,0,0,0,0
990,1,1,1,1,1,0,0,1,0,0,0,0,0,0,1,0,0,0,0,0
991,1,1,0,1,0,1,1,0,0,1,0,0,0,0,1,0,0,1,0,0
992,0,0,0,0,0,0,0,0,0,0,0,1,0,1,0,0,1,0,0,0
993,1,1,0,1,0,1,1,0,0,1,1,0,0,1,0,0,0,1,0,1
994,1,1,1,0,1,1,1,0,0,1,0,0,0,0,0,0,0,1,0,0
995,1,1,0,1,0,1,1,0,1,0,0,0,0,0,0,0,0,1,0,0
996,1,1,1,1,1,0,0,0,0,0,0,0,0,1,0,0,0,0,0,0
997,1,1,0,1,0,0,0,0,0,0,0,0,0,0,1,1,0,0,0,1
998,1,1,1,0,1,1,1,0,1,0,0,0,0,0,1,0,0,0,0,0
999,0,0,0,0,0,0,0,0,0,0,0,0,0,0,1,0,0,1,0,0
1000,1,1,0,1,0,1,1,1,0,1,0,0,0,0,1,1,0,0,1,0
